{
  "cube_shape": [
    107,
    195,
    640
  ],
  "valid_mean": 2.340192928329543e-08,
  "valid_std": 1.0,
  "channels": [
    {
      "lo": -0.3003193736076355,
      "hi": 3.3298285007476807,
      "unique_v_count": 54,
      "unique_out_ch_count": 37,
      "min_out": 0.0,
      "max_out": 1.0,
      "samples": [
        0.0,
        8.209671732170953e-09,
        1.6419343464341906e-08,
        2.462901519651286e-08,
        3.283868692868381e-08,
        2.627094954294705e-07,
        2.7091916716164146e-07,
        2.791288388938124e-07,
        2.8733851062598337e-07,
        1.0
      ]
    },
    {
      "lo": -0.30031493306159973,
      "hi": 3.3298285007476807,
      "unique_v_count": 138,
      "unique_out_ch_count": 114,
      "min_out": 0.0,
      "max_out": 1.0,
      "samples": [
        0.0,
        8.20968177459102e-09,
        1.641936354918204e-08,
        2.462904532377306e-08,
        3.283872709836408e-08,
        8.948553134304212e-07,
        9.030649952050122e-07,
        9.112746769796032e-07,
        9.194843587541943e-07,
        1.0
      ]
    },
    {
      "lo": -0.30031469464302063,
      "hi": 3.3298285007476807,
      "unique_v_count": 154,
      "unique_out_ch_count": 128,
      "min_out": 0.0,
      "max_out": 1.0,
      "samples": [
        0.0,
        8.209682313782055e-09,
        1.641936462756411e-08,
        2.462904694134616e-08,
        3.283872925512822e-08,
        1.0097909245951926e-06,
        1.0180006069089747e-06,
        1.0262102892227567e-06,
        1.0344199715365387e-06,
        1.0
      ]
    }
  ]
}